0,r9,,,,s3,s4,,,,,,,,,,,,,,r9,r9,,1,,,,2,,,,,,,,,
1,,,,,,,,,,,,,,,,,,,,,acc,,,,,,,,,,,,,,,
2,r31,,,,,,,,,,,,,,,,,,,r31,,,,,,,,,,,,,,,,5
3,r7,,,,,,,,,,,,,,,,,,,r7,r7,,,,,,,,,,,,,,,
4,r8,,,,,,,,,,,,,,,,,,,r8,r8,,,,,,,,,,,,,,,
5,s6,,,,,,,,,,,,,,,,,,,s7,,,,,,,,,,,,,,,,
6,,r31,,r31,,,,,,,,,,,,,,,,r31,,,,,,8,,,,,,,,,,9
7,r30,,,,,,,,,,,,,,,,,,,r30,,,,,,,,,,,,,,,,
8,,s10,,s11,,,,,,,,,,,,,,,,,,,,,,,,,,,,,,,,
9,,r6,,r6,,,,,,,,,,,,,,,,s12,,,,,,,,,,,,,,,,
10,,,,,,,s14,,,,,,,,,,,,,,r11,,,,,,,13,,,,,,,,
11,,r31,,r31,,,,,,,,,,,,,,,,r31,,,,,,,,,,,,,,,,15
12,,r30,,r30,,,,,,,,,,,,,,,,r30,,,,,,,,,,,,,,,,
13,,,,,,,,,,,,,,,,,,,,,r1,,,,,,,,,,,,,,,
14,,,r3,r3,r3,r3,r3,r3,r3,,,r3,r3,r3,,,,,,r3,r3,,,16,,,,,,,,,,,,
15,,r5,,r5,,,,,,,,,,,,,,,,s12,,,,,,,,,,,,,,,,
16,,,r9,r9,s26 / r9,s27 / r9,s28 / r19 / r9 / r11,r19 / r9 / r11,s22 / r19 / r9 / r11,,,s23 / r19 / r9 / r11,r19 / r9 / r11 / r31,s25 / r19 / r9 / r11,,,,,,r19 / r9 / r11 / r31,r9,,,,18,,20,21,17,19,,,,,,24
17,,,,,,,s28 / r19 / r11,s29 / r19 / r11,s22 / r19 / r11,,,s23 / r19 / r11,r19 / r11 / r31,s25 / r19 / r11,,,,,,r19 / r11 / r31,,,,,,,,21,,30,,,,,,24
18,,,r2,r2,r2,r2,r2,r2,r2,,,r2,r2,r2,,,,,,r2,r2,,,,,,,,,,,,,,,
19,,,,,,,r13,r13,r13,,,r13,r13,r13,,,,,,r13,,,,,,,,,,,,,,,,
20,,,r31,r31,,,,,,,,,,,,,,,,r31,,,,,,31,,,,,,,,,,32
21,,,,,,,r14,r14,r14,,,r14,r14,r14,,,,,,r14,,,,,,,,,,,,,,,,
22,,,,,,,,,,,,,,,r29 / r31,r29 / r31,r29 / r31,r29 / r31,r29,r31,,,,,,,,,,,33,34,35,36,37,38
23,,,,,,,,,,,,,,,r29 / r31,r29 / r31,r29 / r31,r29 / r31,r29,r31,,,,,,,,,,,39,40,35,36,37,38
24,,,,,,,,,,,,,s41,,,,,,,s42,,,,,,,,,,,,,,,,
25,,,,,,,,,,,,,,,r29 / r31,r29 / r31,r29 / r31,r29 / r31,r29,r31,,,,,,,,,,,43,44,35,36,37,38
26,,,r7,r7,r7,r7,r7,r7,r7,,,r7,r7,r7,,,,,,r7,r7,,,,,,,,,,,,,,,
27,,,r8,r8,r8,r8,r8,r8,r8,,,r8,r8,r8,,,,,,r8,r8,,,,,,,,,,,,,,,
28,,,r3,r3,r3,r3,r3,r3,r3,,,r3,r3,r3,,,,,,r3,,,,45,,,,,,,,,,,,
29,,,,,,,,,,,,,,,,,,,,,r10,,,,,,,,,,,,,,,
30,,,,,,,r12,r12,r12,,,r12,r12,r12,,,,,,r12,,,,,,,,,,,,,,,,
31,,,s46,s47,,,,,,,,,,,,,,,,,,,,,,,,,,,,,,,,
32,,,r6,r6,,,,,,,,,,,,,,,,s48,,,,,,,,,,,,,,,,
33,,,,,,,,,,s49,,,,,,,,,,,,,,,,,,,,,,,,,,
34,,,,,,,,,,,,,,,s50,s51,,,,,,,,,,,,,,,,,,,,
35,,,,,,,,,,,,,,,r22,r22,s52,,,,,,,,,,,,,,,,,,,
36,,,,,,,,,,,,,,,r24,r24,r24,s53,,,,,,,,,,,,,,,,,,
37,,,,,,,,,,,,,,,r26,r26,r26,r26,s54,,,,,,,,,,,,,,,,,
38,,,,,,,,,,,,,,,r27,r27,r27,r27,,s55,,,,,,,,,,,,,,,,
39,,,,,,,s28 / r11,r11,r11,,,r11,r11,r11,,,,,,r11,,,,,,,,56,,,,,,,,
40,,,,,,,,,,,,,,,s57,s58,,,,,,,,,,,,,,,,,,,,
41,,,,,,,,,,,,,,,r29 / r31,r29 / r31,r29 / r31,r29 / r31,r29,r31,,,,,,,,,,,59,44,35,36,37,38
42,,,,,,,,,,,,,r30,,,,,,,r30,,,,,,,,,,,,,,,,
43,,,s60,,,,,,,,,,,,,,,,,,,,,,,,,,,,,,,,,
44,,,,,,,,,,,,,,,s61,s62,,,,,,,,,,,,,,,,,,,,
45,,,r9,r9,s66 / r9,s67 / r9,s28 / r19 / r9 / r11,r19 / r9 / r11,s22 / r19 / r9 / r11,,,s23 / r19 / r9 / r11,r19 / r9 / r11 / r31,s25 / r19 / r9 / r11,,,,,,r19 / r9 / r11 / r31,,,,,64,,65,21,63,19,,,,,,24
46,,,r4,r4,r4,r4,r4,r4,r4,,,r4,r4,r4,,,,,,r4,r4,,,,,,,,,,,,,,,
47,,,r31,r31,,,,,,,,,,,,,,,,r31,,,,,,,,,,,,,,,,68
48,,,r30,r30,,,,,,,,,,,,,,,,r30,,,,,,,,,,,,,,,,
49,,,,,,,s70,,,,r11,,,,,,,,,,,,,,,,,69,,,,,,,,
50,,,,,,,,,,r29 / r31,,,,,,,r29 / r31,r29 / r31,r29,r31,,,,,,,,,,,,71,72,73,74,75
51,,,,,,,,,,r29 / r31,,,,,,,r29 / r31,r29 / r31,r29,r31,,,,,,,,,,,,76,72,73,74,75
52,,,,,,,,,,,,,,,r29 / r31,r29 / r31,,r29 / r31,r29,r31,,,,,,,,,,,,,77,78,79,80
53,,,,,,,,,,,,,,,r29 / r31,r29 / r31,r29 / r31,,r29,r31,,,,,,,,,,,,,,81,82,83
54,,,,,,,,,,,,,,,r28,r28,r28,r28,r28,,,,,,,,,,,,,,,,,
55,,,,,,,,,,,,,,,r30,r30,r30,r30,,r30,,,,,,,,,,,,,,,,
56,,,,,,,r16,r16,r16,,,r16,r16,r16,,,,,,r16,,,,,,,,,,,,,,,,
57,,,,,,,r29 / r31,r29 / r31,r29 / r31,,,r29 / r31,r29 / r31,r29 / r31,,,r29 / r31,r29 / r31,r29,r29 / r31,,,,,,,,,,,,84,85,86,87,88
58,,,,,,,r29 / r31,r29 / r31,r29 / r31,,,r29 / r31,r29 / r31,r29 / r31,,,r29 / r31,r29 / r31,r29,r29 / r31,,,,,,,,,,,,89,85,86,87,88
59,,,s90,,,,,,,,,,,,,,,,,,,,,,,,,,,,,,,,,
60,,,,,,,r18,r18,r18,,,r18,r18,r18,,,,,,r18,,,,,,,,,,,,,,,,
61,,,r29 / r31,,,,,,,,,,,,,,r29 / r31,r29 / r31,r29,r31,,,,,,,,,,,,91,92,93,94,95
62,,,r29 / r31,,,,,,,,,,,,,,r29 / r31,r29 / r31,r29,r31,,,,,,,,,,,,96,92,93,94,95
63,,,,,,,s28 / r19 / r11,s97 / r19 / r11,s22 / r19 / r11,,,s23 / r19 / r11,r19 / r11 / r31,s25 / r19 / r11,,,,,,r19 / r11 / r31,,,,,,,,21,,30,,,,,,24
64,,,r2,r2,r2,r2,r2,r2,r2,,,r2,r2,r2,,,,,,r2,,,,,,,,,,,,,,,,
65,,,r31,r31,,,,,,,,,,,,,,,,r31,,,,,,98,,,,,,,,,,32
66,,,r7,r7,r7,r7,r7,r7,r7,,,r7,r7,r7,,,,,,r7,,,,,,,,,,,,,,,,
67,,,r8,r8,r8,r8,r8,r8,r8,,,r8,r8,r8,,,,,,r8,,,,,,,,,,,,,,,,
68,,,r5,r5,,,,,,,,,,,,,,,,s48,,,,,,,,,,,,,,,,
69,,,,,,,,,,,s99,,,,,,,,,,,,,,,,,,,,,,,,,
70,,,r3,r3,r3,r3,r3,r3,r3,,r3,r3,r3,r3,,,,,,r3,,,,100,,,,,,,,,,,,
71,,,,,,,,,,r20,,,,,,,,,,,,,,,,,,,,,,,,,,
72,,,,,,,,,,r22,,,,,,,s101,,,,,,,,,,,,,,,,,,,
73,,,,,,,,,,r24,,,,,,,r24,s102,,,,,,,,,,,,,,,,,,
74,,,,,,,,,,r26,,,,,,,r26,r26,s103,,,,,,,,,,,,,,,,,
75,,,,,,,,,,r27,,,,,,,r27,r27,,s104,,,,,,,,,,,,,,,,
76,,,,,,,,,,r21,,,,,,,,,,,,,,,,,,,,,,,,,,
77,,,,,,,,,,,,,,,r23,r23,,,,,,,,,,,,,,,,,,,,
78,,,,,,,,,,,,,,,r24,r24,,s105,,,,,,,,,,,,,,,,,,
79,,,,,,,,,,,,,,,r26,r26,,r26,s106,,,,,,,,,,,,,,,,,
80,,,,,,,,,,,,,,,r27,r27,,r27,,s107,,,,,,,,,,,,,,,,
81,,,,,,,,,,,,,,,r25,r25,r25,,,,,,,,,,,,,,,,,,,
82,,,,,,,,,,,,,,,r26,r26,r26,,s108,,,,,,,,,,,,,,,,,
83,,,,,,,,,,,,,,,r27,r27,r27,,,s109,,,,,,,,,,,,,,,,
84,,,,,,,r20,r20,r20,,,r20,r20,r20,,,,,,r20,,,,,,,,,,,,,,,,
85,,,,,,,r22,r22,r22,,,r22,r22,r22,,,s110,,,r22,,,,,,,,,,,,,,,,
86,,,,,,,r24,r24,r24,,,r24,r24,r24,,,r24,s111,,r24,,,,,,,,,,,,,,,,
87,,,,,,,r26,r26,r26,,,r26,r26,r26,,,r26,r26,s112,r26,,,,,,,,,,,,,,,,
88,,,,,,,r27,r27,r27,,,r27,r27,r27,,,r27,r27,,s113 / r27,,,,,,,,,,,,,,,,
89,,,,,,,r21,r21,r21,,,r21,r21,r21,,,,,,r21,,,,,,,,,,,,,,,,
90,,,,,,,r17,r17,r17,,,r17,r17,r17,,,,,,r17,,,,,,,,,,,,,,,,
91,,,r20,,,,,,,,,,,,,,,,,,,,,,,,,,,,,,,,,
92,,,r22,,,,,,,,,,,,,,s114,,,,,,,,,,,,,,,,,,,
93,,,r24,,,,,,,,,,,,,,r24,s115,,,,,,,,,,,,,,,,,,
94,,,r26,,,,,,,,,,,,,,r26,r26,s116,,,,,,,,,,,,,,,,,
95,,,r27,,,,,,,,,,,,,,r27,r27,,s117,,,,,,,,,,,,,,,,
96,,,r21,,,,,,,,,,,,,,,,,,,,,,,,,,,,,,,,,
97,,,,,,,r10,r10,r10,,,r10,r10,r10,,,,,,r10,,,,,,,,,,,,,,,,
98,,,s118,s47,,,,,,,,,,,,,,,,,,,,,,,,,,,,,,,,
99,,,,,,,s28 / r11,r11,r11,,,r11,r11,r11,,,,,,r11,,,,,,,,119,,,,,,,,
100,,,r9,r9,s123 / r9,s124 / r9,s28 / r19 / r9 / r11,r19 / r9 / r11,s22 / r19 / r9 / r11,,r9,s23 / r19 / r9 / r11,r19 / r9 / r11 / r31,s25 / r19 / r9 / r11,,,,,,r19 / r9 / r11 / r31,,,,,121,,122,21,120,19,,,,,,24
101,,,,,,,,,,r29 / r31,,,,,,,,r29 / r31,r29,r31,,,,,,,,,,,,,125,126,127,128
102,,,,,,,,,,r29 / r31,,,,,,,r29 / r31,,r29,r31,,,,,,,,,,,,,,129,130,131
103,,,,,,,,,,r28,,,,,,,r28,r28,r28,,,,,,,,,,,,,,,,,
104,,,,,,,,,,r30,,,,,,,r30,r30,,r30,,,,,,,,,,,,,,,,
105,,,,,,,,,,,,,,,r29 / r31,r29 / r31,,,r29,r31,,,,,,,,,,,,,,132,133,134
106,,,,,,,,,,,,,,,r28,r28,,r28,r28,,,,,,,,,,,,,,,,,
107,,,,,,,,,,,,,,,r30,r30,,r30,,r30,,,,,,,,,,,,,,,,
108,,,,,,,,,,,,,,,r28,r28,r28,,r28,,,,,,,,,,,,,,,,,
109,,,,,,,,,,,,,,,r30,r30,r30,,,r30,,,,,,,,,,,,,,,,
110,,,,,,,r29 / r31,r29 / r31,r29 / r31,,,r29 / r31,r29 / r31,r29 / r31,,,,r29 / r31,r29,r29 / r31,,,,,,,,,,,,,135,136,137,138
111,,,,,,,r29 / r31,r29 / r31,r29 / r31,,,r29 / r31,r29 / r31,r29 / r31,,,r29 / r31,,r29,r29 / r31,,,,,,,,,,,,,,139,140,141
112,,,,,,,r28,r28,r28,,,r28,r28,r28,,,r28,r28,r28,r28,,,,,,,,,,,,,,,,
113,,,,,,,r30,r30,r30,,,r30,r30,r30,,,r30,r30,,r30,,,,,,,,,,,,,,,,
114,,,r29 / r31,,,,,,,,,,,,,,,r29 / r31,r29,r31,,,,,,,,,,,,,142,143,144,145
115,,,r29 / r31,,,,,,,,,,,,,,r29 / r31,,r29,r31,,,,,,,,,,,,,,146,147,148
116,,,r28,,,,,,,,,,,,,,r28,r28,r28,,,,,,,,,,,,,,,,,
117,,,r30,,,,,,,,,,,,,,r30,r30,,r30,,,,,,,,,,,,,,,,
118,,,r4,r4,r4,r4,r4,r4,r4,,,r4,r4,r4,,,,,,r4,,,,,,,,,,,,,,,,
119,,,,,,,r15,r15,r15,,,r15,r15,r15,,,,,,r15,,,,,,,,,,,,,,,,
120,,,,,,,s28 / r19 / r11,s149 / r19 / r11,s22 / r19 / r11,,,s23 / r19 / r11,r19 / r11 / r31,s25 / r19 / r11,,,,,,r19 / r11 / r31,,,,,,,,21,,30,,,,,,24
121,,,r2,r2,r2,r2,r2,r2,r2,,r2,r2,r2,r2,,,,,,r2,,,,,,,,,,,,,,,,
122,,,r31,r31,,,,,,,,,,,,,,,,r31,,,,,,150,,,,,,,,,,32
123,,,r7,r7,r7,r7,r7,r7,r7,,r7,r7,r7,r7,,,,,,r7,,,,,,,,,,,,,,,,
124,,,r8,r8,r8,r8,r8,r8,r8,,r8,r8,r8,r8,,,,,,r8,,,,,,,,,,,,,,,,
125,,,,,,,,,,r23,,,,,,,,,,,,,,,,,,,,,,,,,,
126,,,,,,,,,,r24,,,,,,,,s151,,,,,,,,,,,,,,,,,,
127,,,,,,,,,,r26,,,,,,,,r26,s152,,,,,,,,,,,,,,,,,
128,,,,,,,,,,r27,,,,,,,,r27,,s153,,,,,,,,,,,,,,,,
129,,,,,,,,,,r25,,,,,,,r25,,,,,,,,,,,,,,,,,,,
130,,,,,,,,,,r26,,,,,,,r26,,s154,,,,,,,,,,,,,,,,,
131,,,,,,,,,,r27,,,,,,,r27,,,s155,,,,,,,,,,,,,,,,
132,,,,,,,,,,,,,,,r25,r25,,,,,,,,,,,,,,,,,,,,
133,,,,,,,,,,,,,,,r26,r26,,,s156,,,,,,,,,,,,,,,,,
134,,,,,,,,,,,,,,,r27,r27,,,,s157,,,,,,,,,,,,,,,,
135,,,,,,,r23,r23,r23,,,r23,r23,r23,,,,,,r23,,,,,,,,,,,,,,,,
136,,,,,,,r24,r24,r24,,,r24,r24,r24,,,,s158,,r24,,,,,,,,,,,,,,,,
137,,,,,,,r26,r26,r26,,,r26,r26,r26,,,,r26,s159,r26,,,,,,,,,,,,,,,,
138,,,,,,,r27,r27,r27,,,r27,r27,r27,,,,r27,,s160 / r27,,,,,,,,,,,,,,,,
139,,,,,,,r25,r25,r25,,,r25,r25,r25,,,r25,,,r25,,,,,,,,,,,,,,,,
140,,,,,,,r26,r26,r26,,,r26,r26,r26,,,r26,,s161,r26,,,,,,,,,,,,,,,,
141,,,,,,,r27,r27,r27,,,r27,r27,r27,,,r27,,,s162 / r27,,,,,,,,,,,,,,,,
142,,,r23,,,,,,,,,,,,,,,,,,,,,,,,,,,,,,,,,
143,,,r24,,,,,,,,,,,,,,,s163,,,,,,,,,,,,,,,,,,
144,,,r26,,,,,,,,,,,,,,,r26,s164,,,,,,,,,,,,,,,,,
145,,,r27,,,,,,,,,,,,,,,r27,,s165,,,,,,,,,,,,,,,,
146,,,r25,,,,,,,,,,,,,,r25,,,,,,,,,,,,,,,,,,,
147,,,r26,,,,,,,,,,,,,,r26,,s166,,,,,,,,,,,,,,,,,
148,,,r27,,,,,,,,,,,,,,r27,,,s167,,,,,,,,,,,,,,,,
149,,,,,,,,,,,r10,,,,,,,,,,,,,,,,,,,,,,,,,
150,,,s168,s47,,,,,,,,,,,,,,,,,,,,,,,,,,,,,,,,
151,,,,,,,,,,r29 / r31,,,,,,,,,r29,r31,,,,,,,,,,,,,,169,170,171
152,,,,,,,,,,r28,,,,,,,,r28,r28,,,,,,,,,,,,,,,,,
153,,,,,,,,,,r30,,,,,,,,r30,,r30,,,,,,,,,,,,,,,,
154,,,,,,,,,,r28,,,,,,,r28,,r28,,,,,,,,,,,,,,,,,
155,,,,,,,,,,r30,,,,,,,r30,,,r30,,,,,,,,,,,,,,,,
156,,,,,,,,,,,,,,,r28,r28,,,r28,,,,,,,,,,,,,,,,,
157,,,,,,,,,,,,,,,r30,r30,,,,r30,,,,,,,,,,,,,,,,
158,,,,,,,r29 / r31,r29 / r31,r29 / r31,,,r29 / r31,r29 / r31,r29 / r31,,,,,r29,r29 / r31,,,,,,,,,,,,,,172,173,174
159,,,,,,,r28,r28,r28,,,r28,r28,r28,,,,r28,r28,r28,,,,,,,,,,,,,,,,
160,,,,,,,r30,r30,r30,,,r30,r30,r30,,,,r30,,r30,,,,,,,,,,,,,,,,
161,,,,,,,r28,r28,r28,,,r28,r28,r28,,,r28,,r28,r28,,,,,,,,,,,,,,,,
162,,,,,,,r30,r30,r30,,,r30,r30,r30,,,r30,,,r30,,,,,,,,,,,,,,,,
163,,,r29 / r31,,,,,,,,,,,,,,,,r29,r31,,,,,,,,,,,,,,175,176,177
164,,,r28,,,,,,,,,,,,,,,r28,r28,,,,,,,,,,,,,,,,,
165,,,r30,,,,,,,,,,,,,,,r30,,r30,,,,,,,,,,,,,,,,
166,,,r28,,,,,,,,,,,,,,r28,,r28,,,,,,,,,,,,,,,,,
167,,,r30,,,,,,,,,,,,,,r30,,,r30,,,,,,,,,,,,,,,,
168,,,r4,r4,r4,r4,r4,r4,r4,,r4,r4,r4,r4,,,,,,r4,,,,,,,,,,,,,,,,
169,,,,,,,,,,r25,,,,,,,,,,,,,,,,,,,,,,,,,,
170,,,,,,,,,,r26,,,,,,,,,s178,,,,,,,,,,,,,,,,,
171,,,,,,,,,,r27,,,,,,,,,,s179,,,,,,,,,,,,,,,,
172,,,,,,,r25,r25,r25,,,r25,r25,r25,,,,,,r25,,,,,,,,,,,,,,,,
173,,,,,,,r26,r26,r26,,,r26,r26,r26,,,,,s180,r26,,,,,,,,,,,,,,,,
174,,,,,,,r27,r27,r27,,,r27,r27,r27,,,,,,s181 / r27,,,,,,,,,,,,,,,,
175,,,r25,,,,,,,,,,,,,,,,,,,,,,,,,,,,,,,,,
176,,,r26,,,,,,,,,,,,,,,,s182,,,,,,,,,,,,,,,,,
177,,,r27,,,,,,,,,,,,,,,,,s183,,,,,,,,,,,,,,,,
178,,,,,,,,,,r28,,,,,,,,,r28,,,,,,,,,,,,,,,,,
179,,,,,,,,,,r30,,,,,,,,,,r30,,,,,,,,,,,,,,,,
180,,,,,,,r28,r28,r28,,,r28,r28,r28,,,,,r28,r28,,,,,,,,,,,,,,,,
181,,,,,,,r30,r30,r30,,,r30,r30,r30,,,,,,r30,,,,,,,,,,,,,,,,
182,,,r28,,,,,,,,,,,,,,,,r28,,,,,,,,,,,,,,,,,
183,,,r30,,,,,,,,,,,,,,,,,r30,,,,,,,,,,,,,,,,
