0,r8,,,,,,s2,s3,,,,,,,,,,,,,,,,,,,1,,,,,,,
1,s4,,,,,,,,,,,,,,,,,,,,,,,,,,,,,,,,,
2,r6,,,,,,,,,,,,,,,,,,,,,,,,,,,,,,,,,
3,r7,,,,,,,,,,,,,,,,,,,,,,,,,,,,,,,,,
4,,s5,,,,,,,,,,,,,,,,,,,,,,,,,,,,,,,,
5,s7,,,,,,,,,,,,,,,,,,,,,,,,,6,,,,,,,,
6,,,s8,,,s9,,,,,,,,,,,,,,,,,,,,,,,,,,,,
7,,,r5,,,r5,,,,,,,,,,,,,,,,,,,,,,,,,,,,
8,,,,,,,,,s11,,,,,,,,,,,,,r10,,,,,,10,,,,,,
9,s12,,,,,,,,,,,,,,,,,,,,,,,,,,,,,,,,,
10,,,,,,,,,,,,,,,,,,,,,,acc,,,,,,,,,,,,
11,r2,,,r2,,,,,r2,r2,r2,,,r2,,r2,,,,,,r2,,13,,,,,,,,,,
12,,,r4,,,r4,,,,,,,,,,,,,,,,,,,,,,,,,,,,
13,s21 / r18 / r10,,,s17,,,,,s23 / r18 / r10,r18 / r10,s19 / r18 / r10,,,s20 / r18 / r10,,s22 / r18 / r10,,,,,,,,,15,,,18,14,16,,,,
14,s21 / r18 / r10,,,,,,,,s23 / r18 / r10,s24 / r18 / r10,s19 / r18 / r10,,,s20 / r18 / r10,,s22 / r18 / r10,,,,,,,,,,,,18,,25,,,,
15,r1,,,r1,,,,,r1,r1,r1,,,r1,,r1,,,,,,r1,,,,,,,,,,,,
16,r12,,,,,,,,r12,r12,r12,,,r12,,r12,,,,,,,,,,,,,,,,,,
17,s27,,,,,,,,,,,,,,,,,,,,,,,,,26,,,,,,,,
18,r13,,,,,,,,r13,r13,r13,,,r13,,r13,,,,,,,,,,,,,,,,,,
19,s33,,,,,,,,,,,,,,,,,,,,s32,,,,,,,,,,28,29,30,31
20,s33,,,,,,,,,,,,,,,,,,,,s32,,,,,,,,,,34,35,30,31
21,,,,,,,,,,,,,,,s36,,,,,,,,,,,,,,,,,,,
22,s33,,,,,,,,,,,,,,,,,,,,s32,,,,,,,,,,37,38,30,31
23,r2,,,r2,,,,,r2,r2,r2,,,r2,,r2,,,,,,,,39,,,,,,,,,,
24,,,,,,,,,,,,,,,,,,,,,,r9,,,,,,,,,,,,
25,r11,,,,,,,,r11,r11,r11,,,r11,,r11,,,,,,,,,,,,,,,,,,
26,,,,,s40,s41,,,,,,,,,,,,,,,,,,,,,,,,,,,,
27,,,,,r5,r5,,,,,,,,,,,,,,,,,,,,,,,,,,,,
28,,,,,,,,,,,,s42,,,,,,,,,,,,,,,,,,,,,,
29,,,,,,,,,,,,,,,,,s43,s44,,,,,,,,,,,,,,,,
30,,,,,,,,,,,,,,,,,r21,r21,s45,,,,,,,,,,,,,,,
31,,,,,,,,,,,,,,,,,r23,r23,r23,s46,,,,,,,,,,,,,,
32,,,,,,,,,,,,,,,,,r25,r25,r25,r25,,,,,,,,,,,,,,
33,,,,,,,,,,,,,,,,,r26,r26,r26,r26,,,,,,,,,,,,,,
34,r10,,,,,,,,s23 / r10,r10,r10,,,r10,,r10,,,,,,,,,,,,47,,,,,,
35,,,,,,,,,,,,,,,,,s48,s49,,,,,,,,,,,,,,,,
36,s33,,,,,,,,,,,,,,,,,,,,s32,,,,,,,,,,50,38,30,31
37,,,,,s51,,,,,,,,,,,,,,,,,,,,,,,,,,,,,
38,,,,,,,,,,,,,,,,,s52,s53,,,,,,,,,,,,,,,,
39,s21 / r18 / r10,,,s56,,,,,s23 / r18 / r10,r18 / r10,s19 / r18 / r10,,,s20 / r18 / r10,,s22 / r18 / r10,,,,,,,,,55,,,18,54,16,,,,
40,r3,,,r3,,,,,r3,r3,r3,,,r3,,r3,,,,,,r3,,,,,,,,,,,,
41,s57,,,,,,,,,,,,,,,,,,,,,,,,,,,,,,,,,
42,,,,,,,,,s59,,,,r10,,,,,,,,,,,,,,,58,,,,,,
43,s64,,,,,,,,,,,,,,,,,,,,s63,,,,,,,,,,,60,61,62
44,s64,,,,,,,,,,,,,,,,,,,,s63,,,,,,,,,,,65,61,62
45,s69,,,,,,,,,,,,,,,,,,,,s68,,,,,,,,,,,,66,67
46,s72,,,,,,,,,,,,,,,,,,,,s71,,,,,,,,,,,,,70
47,r15,,,,,,,,r15,r15,r15,,,r15,,r15,,,,,,,,,,,,,,,,,,
48,s77,,,,,,,,,,,,,,,,,,,,s76,,,,,,,,,,,73,74,75
49,s77,,,,,,,,,,,,,,,,,,,,s76,,,,,,,,,,,78,74,75
50,,,,,s79,,,,,,,,,,,,,,,,,,,,,,,,,,,,,
51,r17,,,,,,,,r17,r17,r17,,,r17,,r17,,,,,,,,,,,,,,,,,,
52,s84,,,,,,,,,,,,,,,,,,,,s83,,,,,,,,,,,80,81,82
53,s84,,,,,,,,,,,,,,,,,,,,s83,,,,,,,,,,,85,81,82
54,s21 / r18 / r10,,,,,,,,s23 / r18 / r10,s86 / r18 / r10,s19 / r18 / r10,,,s20 / r18 / r10,,s22 / r18 / r10,,,,,,,,,,,,18,,25,,,,
55,r1,,,r1,,,,,r1,r1,r1,,,r1,,r1,,,,,,,,,,,,,,,,,,
56,s27,,,,,,,,,,,,,,,,,,,,,,,,,87,,,,,,,,
57,,,,,r4,r4,,,,,,,,,,,,,,,,,,,,,,,,,,,,
58,,,,,,,,,,,,,s88,,,,,,,,,,,,,,,,,,,,,
59,r2,,,r2,,,,,r2,r2,r2,,r2,r2,,r2,,,,,,,,89,,,,,,,,,,
60,,,,,,,,,,,,r19,,,,,,,,,,,,,,,,,,,,,,
61,,,,,,,,,,,,r21,,,,,,,s90,,,,,,,,,,,,,,,
62,,,,,,,,,,,,r23,,,,,,,r23,s91,,,,,,,,,,,,,,
63,,,,,,,,,,,,r25,,,,,,,r25,r25,,,,,,,,,,,,,,
64,,,,,,,,,,,,r26,,,,,,,r26,r26,,,,,,,,,,,,,,
65,,,,,,,,,,,,r20,,,,,,,,,,,,,,,,,,,,,,
66,,,,,,,,,,,,,,,,,r22,r22,,,,,,,,,,,,,,,,
67,,,,,,,,,,,,,,,,,r23,r23,,s92,,,,,,,,,,,,,,
68,,,,,,,,,,,,,,,,,r25,r25,,r25,,,,,,,,,,,,,,
69,,,,,,,,,,,,,,,,,r26,r26,,r26,,,,,,,,,,,,,,
70,,,,,,,,,,,,,,,,,r24,r24,r24,,,,,,,,,,,,,,,
71,,,,,,,,,,,,,,,,,r25,r25,r25,,,,,,,,,,,,,,,
72,,,,,,,,,,,,,,,,,r26,r26,r26,,,,,,,,,,,,,,,
73,r19,,,,,,,,r19,r19,r19,,,r19,,r19,,,,,,,,,,,,,,,,,,
74,r21,,,,,,,,r21,r21,r21,,,r21,,r21,,,s93,,,,,,,,,,,,,,,
75,r23,,,,,,,,r23,r23,r23,,,r23,,r23,,,r23,s94,,,,,,,,,,,,,,
76,r25,,,,,,,,r25,r25,r25,,,r25,,r25,,,r25,r25,,,,,,,,,,,,,,
77,r26,,,,,,,,r26,r26,r26,,,r26,,r26,,,r26,r26,,,,,,,,,,,,,,
78,r20,,,,,,,,r20,r20,r20,,,r20,,r20,,,,,,,,,,,,,,,,,,
79,r16,,,,,,,,r16,r16,r16,,,r16,,r16,,,,,,,,,,,,,,,,,,
80,,,,,r19,,,,,,,,,,,,,,,,,,,,,,,,,,,,,
81,,,,,r21,,,,,,,,,,,,,,s95,,,,,,,,,,,,,,,
82,,,,,r23,,,,,,,,,,,,,,r23,s96,,,,,,,,,,,,,,
83,,,,,r25,,,,,,,,,,,,,,r25,r25,,,,,,,,,,,,,,
84,,,,,r26,,,,,,,,,,,,,,r26,r26,,,,,,,,,,,,,,
85,,,,,r20,,,,,,,,,,,,,,,,,,,,,,,,,,,,,
86,r9,,,,,,,,r9,r9,r9,,,r9,,r9,,,,,,,,,,,,,,,,,,
87,,,,,s97,s41,,,,,,,,,,,,,,,,,,,,,,,,,,,,
88,r10,,,,,,,,s23 / r10,r10,r10,,,r10,,r10,,,,,,,,,,,,98,,,,,,
89,s21 / r18 / r10,,,s101,,,,,s23 / r18 / r10,r18 / r10,s19 / r18 / r10,,,s20 / r18 / r10,,s22 / r18 / r10,,,,,,,,,100,,,18,99,16,,,,
90,s105,,,,,,,,,,,,,,,,,,,,s104,,,,,,,,,,,,102,103
91,s108,,,,,,,,,,,,,,,,,,,,s107,,,,,,,,,,,,,106
92,s111,,,,,,,,,,,,,,,,,,,,s110,,,,,,,,,,,,,109
93,s115,,,,,,,,,,,,,,,,,,,,s114,,,,,,,,,,,,112,113
94,s118,,,,,,,,,,,,,,,,,,,,s117,,,,,,,,,,,,,116
95,s122,,,,,,,,,,,,,,,,,,,,s121,,,,,,,,,,,,119,120
96,s125,,,,,,,,,,,,,,,,,,,,s124,,,,,,,,,,,,,123
97,r3,,,r3,,,,,r3,r3,r3,,,r3,,r3,,,,,,,,,,,,,,,,,,
98,r14,,,,,,,,r14,r14,r14,,,r14,,r14,,,,,,,,,,,,,,,,,,
99,s21 / r18 / r10,,,,,,,,s23 / r18 / r10,s126 / r18 / r10,s19 / r18 / r10,,,s20 / r18 / r10,,s22 / r18 / r10,,,,,,,,,,,,18,,25,,,,
100,r1,,,r1,,,,,r1,r1,r1,,r1,r1,,r1,,,,,,,,,,,,,,,,,,
101,s27,,,,,,,,,,,,,,,,,,,,,,,,,127,,,,,,,,
102,,,,,,,,,,,,r22,,,,,,,,,,,,,,,,,,,,,,
103,,,,,,,,,,,,r23,,,,,,,,s128,,,,,,,,,,,,,,
104,,,,,,,,,,,,r25,,,,,,,,r25,,,,,,,,,,,,,,
105,,,,,,,,,,,,r26,,,,,,,,r26,,,,,,,,,,,,,,
106,,,,,,,,,,,,r24,,,,,,,r24,,,,,,,,,,,,,,,
107,,,,,,,,,,,,r25,,,,,,,r25,,,,,,,,,,,,,,,
108,,,,,,,,,,,,r26,,,,,,,r26,,,,,,,,,,,,,,,
109,,,,,,,,,,,,,,,,,r24,r24,,,,,,,,,,,,,,,,
110,,,,,,,,,,,,,,,,,r25,r25,,,,,,,,,,,,,,,,
111,,,,,,,,,,,,,,,,,r26,r26,,,,,,,,,,,,,,,,
112,r22,,,,,,,,r22,r22,r22,,,r22,,r22,,,,,,,,,,,,,,,,,,
113,r23,,,,,,,,r23,r23,r23,,,r23,,r23,,,,s129,,,,,,,,,,,,,,
114,r25,,,,,,,,r25,r25,r25,,,r25,,r25,,,,r25,,,,,,,,,,,,,,
115,r26,,,,,,,,r26,r26,r26,,,r26,,r26,,,,r26,,,,,,,,,,,,,,
116,r24,,,,,,,,r24,r24,r24,,,r24,,r24,,,r24,,,,,,,,,,,,,,,
117,r25,,,,,,,,r25,r25,r25,,,r25,,r25,,,r25,,,,,,,,,,,,,,,
118,r26,,,,,,,,r26,r26,r26,,,r26,,r26,,,r26,,,,,,,,,,,,,,,
119,,,,,r22,,,,,,,,,,,,,,,,,,,,,,,,,,,,,
120,,,,,r23,,,,,,,,,,,,,,,s130,,,,,,,,,,,,,,
121,,,,,r25,,,,,,,,,,,,,,,r25,,,,,,,,,,,,,,
122,,,,,r26,,,,,,,,,,,,,,,r26,,,,,,,,,,,,,,
123,,,,,r24,,,,,,,,,,,,,,r24,,,,,,,,,,,,,,,
124,,,,,r25,,,,,,,,,,,,,,r25,,,,,,,,,,,,,,,
125,,,,,r26,,,,,,,,,,,,,,r26,,,,,,,,,,,,,,,
126,,,,,,,,,,,,,r9,,,,,,,,,,,,,,,,,,,,,
127,,,,,s131,s41,,,,,,,,,,,,,,,,,,,,,,,,,,,,
128,s134,,,,,,,,,,,,,,,,,,,,s133,,,,,,,,,,,,,132
129,s137,,,,,,,,,,,,,,,,,,,,s136,,,,,,,,,,,,,135
130,s140,,,,,,,,,,,,,,,,,,,,s139,,,,,,,,,,,,,138
131,r3,,,r3,,,,,r3,r3,r3,,r3,r3,,r3,,,,,,,,,,,,,,,,,,
132,,,,,,,,,,,,r24,,,,,,,,,,,,,,,,,,,,,,
133,,,,,,,,,,,,r25,,,,,,,,,,,,,,,,,,,,,,
134,,,,,,,,,,,,r26,,,,,,,,,,,,,,,,,,,,,,
135,r24,,,,,,,,r24,r24,r24,,,r24,,r24,,,,,,,,,,,,,,,,,,
136,r25,,,,,,,,r25,r25,r25,,,r25,,r25,,,,,,,,,,,,,,,,,,
137,r26,,,,,,,,r26,r26,r26,,,r26,,r26,,,,,,,,,,,,,,,,,,
138,,,,,r24,,,,,,,,,,,,,,,,,,,,,,,,,,,,,
139,,,,,r25,,,,,,,,,,,,,,,,,,,,,,,,,,,,,
140,,,,,r26,,,,,,,,,,,,,,,,,,,,,,,,,,,,,